Pelicula en discusi√≥n,Pelicula o serie mencionada
Memento,Blade Runner
Memento,LA Confidential
Memento,Dunkirk
Memento,Iron Man 3
Memento,Inception
Memento,The dark knight rises
Memento,Animal Kingdom
Memento,The Matrix
Memento,Babe
Memento,Beethoven 2
Memento,The Mule
Memento,American Sniper
Memento,Insomnia
Memento,Triangle
Memento,Synecdoche NY
Memento,CSI
Memento,Jessica Jones
Memento,Humans
Memento,The Time Machine
Memento,The Leftovers
Memento,Girlmore girls
Memento,The Prestige
Memento,Shawshank redemption
The killing of a sacred deer,The lobster
The killing of a sacred deer,Stalker
The killing of a sacred deer,Dogtooth
The killing of a sacred deer,mother!
The killing of a sacred deer,mowgli
The killing of a sacred deer,gone wit the wind
The killing of a sacred deer,the favourite
The killing of a sacred deer,Incedies